slug,period
ac,2021-2T
ac,2021-3T
ac,2021-4T
ac,2022-1T
ac,2022-2T
ac,2022-3T
ac,2022-4T
ac,2023-1T
ac,2023-2T
ac,2023-3T
ac,2023-4T
ac,2024-1T
ac,2024-2T
ac,2024-3T
ac,2024-4T
ac,2025-1T
ac,2025-2T
ac,2025-3T
ac,2025-4T
ac,2026-1T
accel,2021-2T
accel,2021-3T
accel,2021-4T
accel,2022-1T
accel,2022-2T
accel,2022-3T
accel,2022-4T
accel,2023-1T
accel,2023-2T
accel,2023-3T
accel,2023-4T
accel,2024-1T
accel,2024-2T
accel,2024-3T
accel,2024-4T
accel,2025-1T
accel,2025-2T
accel,2025-3T
accel,2025-4T
accel,2026-1T
aeromexico,2025-3T
aeromexico,2025-4T
aeromexico,2026-1T
aeromexico,2026-2T
aleatica_educa,2021-2T
aleatica_educa,2021-3T
aleatica_educa,2021-4T
aleatica_educa,2022-1T
aleatica_educa,2022-2T
aleatica_educa,2022-3T
aleatica_educa,2022-4T
aleatica_educa,2023-1T
aleatica_educa,2023-2T
aleatica_educa,2023-3T
aleatica_educa,2023-4T
aleatica_educa,2024-1T
aleatica_educa,2024-2T
aleatica_educa,2024-3T
aleatica_educa,2024-4T
aleatica_educa,2025-1T
aleatica_educa,2025-2T
aleatica_educa,2025-3T
aleatica_educa,2025-4T
aleatica_educa,2026-1T
alpek,2021-2T
alpek,2021-3T
alpek,2021-4T
alpek,2022-1T
alpek,2022-2T
alpek,2022-3T
alpek,2022-4T
alpek,2023-1T
alpek,2023-2T
alpek,2023-3T
alpek,2023-4T
alpek,2024-1T
alpek,2024-2T
alpek,2024-3T
alpek,2024-4T
alpek,2025-1T
alpek,2025-2T
alpek,2025-3T
alpek,2025-4T
alpek,2026-1T
alsea,2021-2T
alsea,2021-3T
alsea,2021-4T
alsea,2022-1T
alsea,2022-2T
alsea,2022-3T
alsea,2022-4T
alsea,2023-1T
alsea,2023-2T
alsea,2023-3T
alsea,2023-4T
alsea,2024-1T
alsea,2024-2T
alsea,2024-3T
alsea,2024-4T
alsea,2025-1T
alsea,2025-2T
alsea,2025-3T
alsea,2025-4T
alsea,2026-1T
alterna,2021-2T
alterna,2021-3T
alterna,2021-4T
alterna,2022-1T
alterna,2022-2T
alterna,2022-3T
alterna,2022-4T
alterna,2023-1T
alterna,2023-2T
alterna,2023-3T
alterna,2023-4T
alterna,2024-1T
alterna,2024-2T
alterna,2024-3T
alterna,2024-4T
alterna,2025-1T
alterna,2025-2T
alterna,2025-3T
alterna,2025-4T
alterna,2026-1T
america_movil,2021-2T
america_movil,2021-3T
america_movil,2021-4T
america_movil,2022-1T
america_movil,2022-2T
america_movil,2022-3T
america_movil,2022-4T
america_movil,2023-1T
america_movil,2023-2T
america_movil,2023-3T
america_movil,2023-4T
america_movil,2024-1T
america_movil,2024-2T
america_movil,2024-3T
america_movil,2024-4T
america_movil,2025-1T
america_movil,2025-2T
america_movil,2025-3T
america_movil,2025-4T
america_movil,2026-1T
asur,2021-2T
asur,2021-3T
asur,2021-4T
asur,2022-1T
asur,2022-2T
asur,2022-3T
asur,2022-4T
asur,2023-1T
asur,2023-2T
asur,2023-3T
asur,2023-4T
asur,2024-1T
asur,2024-2T
asur,2024-3T
asur,2024-4T
asur,2025-1T
asur,2025-2T
asur,2025-3T
asur,2025-4T
asur,2026-1T
autlan,2021-2T
autlan,2021-3T
autlan,2021-4T
autlan,2022-1T
autlan,2022-2T
autlan,2022-3T
autlan,2022-4T
autlan,2023-1T
autlan,2023-2T
autlan,2023-3T
autlan,2023-4T
autlan,2024-1T
autlan,2024-2T
autlan,2024-3T
autlan,2024-4T
autlan,2025-1T
autlan,2025-2T
autlan,2025-3T
autlan,2025-4T
autlan,2026-1T
axtel,2021-2T
axtel,2021-3T
axtel,2021-4T
axtel,2022-1T
axtel,2022-2T
axtel,2022-3T
axtel,2022-4T
axtel,2023-1T
axtel,2023-2T
axtel,2023-3T
axtel,2023-4T
axtel,2024-1T
axtel,2024-2T
axtel,2024-3T
axtel,2024-4T
axtel,2025-1T
axtel,2025-2T
axtel,2025-3T
axtel,2025-4T
axtel,2026-1T
becle,2021-2T
becle,2021-3T
becle,2021-4T
becle,2022-1T
becle,2022-2T
becle,2022-3T
becle,2022-4T
becle,2023-1T
becle,2023-2T
becle,2023-3T
becle,2023-4T
becle,2024-1T
becle,2024-2T
becle,2024-3T
becle,2024-4T
becle,2025-1T
becle,2025-2T
becle,2025-3T
becle,2025-4T
becle,2026-1T
bimbo,2021-2T
bimbo,2021-3T
bimbo,2021-4T
bimbo,2022-1T
bimbo,2022-2T
bimbo,2022-3T
bimbo,2022-4T
bimbo,2023-1T
bimbo,2023-2T
bimbo,2023-3T
bimbo,2023-4T
bimbo,2024-1T
bimbo,2024-2T
bimbo,2024-3T
bimbo,2024-4T
bimbo,2025-1T
bimbo,2025-2T
bimbo,2025-3T
bimbo,2025-4T
bimbo,2026-1T
bolsa_mexicana,2021-2T
bolsa_mexicana,2021-3T
bolsa_mexicana,2021-4T
bolsa_mexicana,2022-1T
bolsa_mexicana,2022-2T
bolsa_mexicana,2022-3T
bolsa_mexicana,2022-4T
bolsa_mexicana,2023-1T
bolsa_mexicana,2023-2T
bolsa_mexicana,2023-3T
bolsa_mexicana,2023-4T
bolsa_mexicana,2024-1T
bolsa_mexicana,2024-2T
bolsa_mexicana,2024-3T
bolsa_mexicana,2024-4T
bolsa_mexicana,2025-1T
bolsa_mexicana,2025-2T
bolsa_mexicana,2025-3T
bolsa_mexicana,2025-4T
bolsa_mexicana,2026-1T
cadu,2021-2T
cadu,2021-3T
cadu,2021-4T
cadu,2022-1T
cadu,2022-2T
cadu,2022-3T
cadu,2022-4T
cadu,2023-1T
cadu,2023-2T
cadu,2023-3T
cadu,2023-4T
cadu,2024-1T
cadu,2024-2T
cadu,2024-3T
cadu,2024-4T
cadu,2025-1T
cadu,2025-2T
cadu,2025-3T
cadu,2025-4T
cadu,2026-1T
cementos_moctezuma,2021-2T
cementos_moctezuma,2021-3T
cementos_moctezuma,2021-4T
cementos_moctezuma,2022-1T
cementos_moctezuma,2022-2T
cementos_moctezuma,2022-3T
cementos_moctezuma,2022-4T
cementos_moctezuma,2023-1T
cementos_moctezuma,2023-2T
cementos_moctezuma,2023-3T
cementos_moctezuma,2023-4T
cementos_moctezuma,2024-1T
cementos_moctezuma,2024-2T
cementos_moctezuma,2024-3T
cementos_moctezuma,2024-4T
cementos_moctezuma,2025-1T
cementos_moctezuma,2025-2T
cementos_moctezuma,2025-3T
cementos_moctezuma,2025-4T
cementos_moctezuma,2026-1T
cemex,2021-2T
cemex,2021-3T
cemex,2021-4T
cemex,2022-1T
cemex,2022-2T
cemex,2022-3T
cemex,2022-4T
cemex,2023-1T
cemex,2023-2T
cemex,2023-3T
cemex,2023-4T
cemex,2024-1T
cemex,2024-2T
cemex,2024-3T
cemex,2024-4T
cemex,2025-1T
cemex,2025-2T
cemex,2025-3T
cemex,2025-4T
cemex,2026-1T
chedraui,2021-2T
chedraui,2021-3T
chedraui,2021-4T
chedraui,2022-1T
chedraui,2022-2T
chedraui,2022-3T
chedraui,2022-4T
chedraui,2023-1T
chedraui,2023-2T
chedraui,2023-3T
chedraui,2023-4T
chedraui,2024-1T
chedraui,2024-2T
chedraui,2024-3T
chedraui,2024-4T
chedraui,2025-1T
chedraui,2025-2T
chedraui,2025-3T
chedraui,2025-4T
chedraui,2026-1T
cidmega,2021-2T
cidmega,2021-3T
cidmega,2021-4T
cidmega,2022-1T
cidmega,2022-2T
cidmega,2022-3T
cidmega,2022-4T
cidmega,2023-1T
cidmega,2023-2T
cidmega,2023-3T
cidmega,2023-4T
cidmega,2024-1T
cidmega,2024-2T
cidmega,2024-3T
cidmega,2024-4T
cidmega,2025-1T
cidmega,2025-2T
cidmega,2025-3T
cidmega,2025-4T
cidmega,2026-1T
cie,2021-2T
cie,2021-3T
cie,2021-4T
cie,2022-1T
cie,2022-2T
cie,2022-3T
cie,2022-4T
cie,2023-1T
cie,2023-2T
cie,2023-3T
cie,2023-4T
cie,2024-1T
cie,2024-2T
cie,2024-3T
cie,2024-4T
cie,2025-1T
cie,2025-2T
cie,2025-3T
cie,2025-4T
cie,2026-1T
club_america,2024-1T
club_america,2024-2T
club_america,2024-3T
club_america,2024-4T
club_america,2025-1T
club_america,2025-2T
club_america,2025-3T
club_america,2025-4T
club_america,2026-1T
cmr,2021-2T
cmr,2021-3T
cmr,2021-4T
cmr,2022-1T
cmr,2022-2T
cmr,2022-3T
cmr,2022-4T
cmr,2023-1T
cmr,2023-2T
cmr,2023-3T
cmr,2023-4T
cmr,2024-1T
cmr,2024-2T
cmr,2024-3T
cmr,2024-4T
cmr,2025-1T
cmr,2025-2T
cmr,2025-3T
cmr,2025-4T
cmr,2026-1T
consorcio_ara,2021-2T
consorcio_ara,2021-3T
consorcio_ara,2021-4T
consorcio_ara,2022-1T
consorcio_ara,2022-2T
consorcio_ara,2022-3T
consorcio_ara,2022-4T
consorcio_ara,2023-1T
consorcio_ara,2023-2T
consorcio_ara,2023-3T
consorcio_ara,2023-4T
consorcio_ara,2024-1T
consorcio_ara,2024-2T
consorcio_ara,2024-3T
consorcio_ara,2024-4T
consorcio_ara,2025-1T
consorcio_ara,2025-2T
consorcio_ara,2025-3T
consorcio_ara,2025-4T
consorcio_ara,2026-1T
convertidora,2021-2T
convertidora,2021-3T
convertidora,2021-4T
convertidora,2022-1T
convertidora,2022-2T
convertidora,2022-3T
convertidora,2022-4T
convertidora,2023-1T
convertidora,2023-2T
convertidora,2023-3T
convertidora,2023-4T
convertidora,2024-1T
convertidora,2024-2T
convertidora,2024-3T
convertidora,2024-4T
convertidora,2025-1T
convertidora,2025-2T
convertidora,2025-3T
convertidora,2025-4T
convertidora,2026-1T
corporativo_fragua,2021-2T
corporativo_fragua,2021-3T
corporativo_fragua,2021-4T
corporativo_fragua,2022-1T
corporativo_fragua,2022-2T
corporativo_fragua,2022-3T
corporativo_fragua,2022-4T
corporativo_fragua,2023-1T
corporativo_fragua,2023-2T
corporativo_fragua,2023-3T
corporativo_fragua,2023-4T
corporativo_fragua,2024-1T
corporativo_fragua,2024-2T
corporativo_fragua,2024-3T
corporativo_fragua,2024-4T
corporativo_fragua,2025-1T
corporativo_fragua,2025-2T
corporativo_fragua,2025-3T
corporativo_fragua,2025-4T
corporativo_fragua,2026-1T
ct_axtel,2023-2T
ct_axtel,2023-3T
ct_axtel,2023-4T
ct_axtel,2024-1T
ct_axtel,2024-2T
ct_axtel,2024-3T
ct_axtel,2024-4T
ct_axtel,2025-1T
ct_axtel,2025-2T
ct_axtel,2025-3T
ct_axtel,2025-4T
ct_axtel,2026-1T
cultiba,2021-2T
cultiba,2021-3T
cultiba,2021-4T
cultiba,2022-1T
cultiba,2022-2T
cultiba,2022-3T
cultiba,2022-4T
cultiba,2023-1T
cultiba,2023-2T
cultiba,2023-3T
cultiba,2023-4T
cultiba,2024-1T
cultiba,2024-2T
cultiba,2024-3T
cultiba,2024-4T
cultiba,2025-1T
cultiba,2025-2T
cultiba,2025-3T
cultiba,2025-4T
cultiba,2026-1T
cydsa,2021-2T
cydsa,2021-3T
cydsa,2021-4T
cydsa,2022-1T
cydsa,2022-2T
cydsa,2022-3T
cydsa,2022-4T
cydsa,2023-1T
cydsa,2023-2T
cydsa,2023-3T
cydsa,2023-4T
cydsa,2024-1T
cydsa,2024-2T
cydsa,2024-3T
cydsa,2024-4T
cydsa,2025-1T
cydsa,2025-2T
cydsa,2025-3T
cydsa,2025-4T
cydsa,2026-1T
diablos_rojos,2025-2T
dine,2021-2T
dine,2021-3T
dine,2021-4T
dine,2022-1T
dine,2022-2T
dine,2022-3T
dine,2022-4T
dine,2023-1T
dine,2023-2T
dine,2023-3T
dine,2023-4T
dine,2024-1T
dine,2024-2T
dine,2024-3T
dine,2024-4T
dine,2025-1T
dine,2025-2T
dine,2025-3T
dine,2025-4T
dine,2026-1T
elementia_materiales,2021-3T
elementia_materiales,2021-4T
elementia_materiales,2022-1T
elementia_materiales,2022-2T
elementia_materiales,2023-3T
elementia_materiales,2023-4T
elementia_materiales,2024-1T
elementia_materiales,2024-2T
elementia_materiales,2024-3T
elementia_materiales,2024-4T
elementia_materiales,2025-1T
elementia_materiales,2025-2T
elementia_materiales,2025-3T
elementia_materiales,2025-4T
elementia_materiales,2026-1T
esentia,2025-4T
esentia,2026-1T
farmacias_benavides,2021-2T
farmacias_benavides,2021-3T
farmacias_benavides,2021-4T
farmacias_benavides,2022-1T
farmacias_benavides,2022-2T
farmacias_benavides,2022-3T
farmacias_benavides,2022-4T
farmacias_benavides,2023-1T
farmacias_benavides,2023-2T
farmacias_benavides,2023-3T
farmacias_benavides,2023-4T
farmacias_benavides,2024-1T
farmacias_benavides,2024-2T
farmacias_benavides,2024-3T
farmacias_benavides,2024-4T
farmacias_benavides,2025-1T
farmacias_benavides,2025-2T
farmacias_benavides,2025-3T
farmacias_benavides,2025-4T
farmacias_benavides,2026-1T
femsa,2021-2T
femsa,2021-3T
femsa,2021-4T
femsa,2022-1T
femsa,2022-2T
femsa,2022-3T
femsa,2022-4T
femsa,2023-1T
femsa,2023-2T
femsa,2023-3T
femsa,2023-4T
femsa,2024-1T
femsa,2024-2T
femsa,2024-3T
femsa,2024-4T
femsa,2025-1T
femsa,2025-2T
femsa,2025-3T
femsa,2025-4T
femsa,2026-1T
fibra_cfe,2021-2T
fibra_cfe,2021-3T
fibra_cfe,2021-4T
fibra_cfe,2022-1T
fibra_cfe,2022-2T
fibra_cfe,2022-3T
fibra_cfe,2022-4T
fibra_cfe,2023-1T
fibra_cfe,2023-2T
fibra_cfe,2023-3T
fibra_cfe,2023-4T
fibra_cfe,2024-1T
fibra_cfe,2024-2T
fibra_cfe,2024-3T
fibra_cfe,2024-4T
fibra_cfe,2025-1T
fibra_cfe,2025-2T
fibra_cfe,2025-3T
fibra_cfe,2025-4T
fibra_cfe,2026-1T
fibra_danhos,2019-1T
fibra_danhos,2019-2T
fibra_danhos,2019-3T
fibra_danhos,2019-4T
fibra_danhos,2020-1T
fibra_danhos,2020-2T
fibra_danhos,2020-3T
fibra_danhos,2020-4T
fibra_danhos,2021-2T
fibra_danhos,2021-3T
fibra_danhos,2021-4T
fibra_danhos,2022-1T
fibra_danhos,2022-2T
fibra_danhos,2022-3T
fibra_danhos,2022-4T
fibra_danhos,2023-1T
fibra_danhos,2023-2T
fibra_danhos,2023-3T
fibra_danhos,2023-4T
fibra_danhos,2024-1T
fibra_danhos,2024-2T
fibra_danhos,2024-3T
fibra_danhos,2024-4T
fibra_danhos,2025-1T
fibra_danhos,2025-2T
fibra_danhos,2025-3T
fibra_danhos,2025-4T
fibra_danhos,2026-1T
fibra_exi,2021-3T
fibra_exi,2021-4T
fibra_exi,2022-1T
fibra_exi,2022-2T
fibra_exi,2022-3T
fibra_exi,2022-4T
fibra_exi,2023-1T
fibra_exi,2023-2T
fibra_exi,2023-3T
fibra_exi,2023-4T
fibra_exi,2024-1T
fibra_exi,2024-2T
fibra_exi,2024-3T
fibra_exi,2024-4T
fibra_exi,2025-1T
fibra_exi,2025-2T
fibra_exi,2025-3T
fibra_exi,2025-4T
fibra_exi,2026-1T
fibra_hd,2021-2T
fibra_hd,2021-3T
fibra_hd,2021-4T
fibra_hd,2022-1T
fibra_hd,2022-2T
fibra_hd,2022-3T
fibra_hd,2022-4T
fibra_hd,2023-1T
fibra_hd,2023-2T
fibra_hd,2023-3T
fibra_hd,2023-4T
fibra_hd,2024-1T
fibra_hd,2024-2T
fibra_hd,2024-3T
fibra_hd,2024-4T
fibra_hd,2025-1T
fibra_hd,2025-2T
fibra_hd,2025-3T
fibra_hd,2025-4T
fibra_hd,2026-1T
fibra_hotel,2021-2T
fibra_hotel,2021-3T
fibra_hotel,2021-4T
fibra_hotel,2022-1T
fibra_hotel,2022-2T
fibra_hotel,2022-3T
fibra_hotel,2022-4T
fibra_hotel,2023-1T
fibra_hotel,2023-2T
fibra_hotel,2023-3T
fibra_hotel,2023-4T
fibra_hotel,2024-1T
fibra_hotel,2024-2T
fibra_hotel,2024-3T
fibra_hotel,2024-4T
fibra_hotel,2025-1T
fibra_hotel,2025-2T
fibra_hotel,2025-3T
fibra_hotel,2025-4T
fibra_hotel,2026-1T
fibra_ideal,2020-2T
fibra_ideal,2020-3T
fibra_ideal,2020-4T
fibra_ideal,2021-1T
fibra_ideal,2021-2T
fibra_ideal,2021-3T
fibra_ideal,2021-4T
fibra_ideal,2022-1T
fibra_ideal,2022-2T
fibra_ideal,2022-3T
fibra_ideal,2022-4T
fibra_ideal,2023-1T
fibra_ideal,2023-2T
fibra_ideal,2023-3T
fibra_ideal,2023-4T
fibra_ideal,2024-1T
fibra_ideal,2024-2T
fibra_ideal,2024-3T
fibra_ideal,2024-4T
fibra_ideal,2025-1T
fibra_ideal,2025-2T
fibra_ideal,2025-3T
fibra_ideal,2025-4T
fibra_ideal,2026-1T
fibra_inn,2021-2T
fibra_inn,2021-3T
fibra_inn,2021-4T
fibra_inn,2022-1T
fibra_inn,2022-2T
fibra_inn,2022-3T
fibra_inn,2022-4T
fibra_inn,2023-1T
fibra_inn,2023-2T
fibra_inn,2023-3T
fibra_inn,2023-4T
fibra_inn,2024-1T
fibra_inn,2024-2T
fibra_inn,2024-3T
fibra_inn,2024-4T
fibra_inn,2025-1T
fibra_inn,2025-2T
fibra_inn,2025-3T
fibra_inn,2025-4T
fibra_inn,2026-1T
fibra_macquarie,2021-2T
fibra_macquarie,2021-3T
fibra_macquarie,2021-4T
fibra_macquarie,2022-1T
fibra_macquarie,2022-2T
fibra_macquarie,2022-3T
fibra_macquarie,2022-4T
fibra_macquarie,2023-1T
fibra_macquarie,2023-2T
fibra_macquarie,2023-3T
fibra_macquarie,2023-4T
fibra_macquarie,2024-1T
fibra_macquarie,2024-2T
fibra_macquarie,2024-3T
fibra_macquarie,2024-4T
fibra_macquarie,2025-1T
fibra_macquarie,2025-2T
fibra_macquarie,2025-3T
fibra_macquarie,2025-4T
fibra_macquarie,2026-1T
fibra_mty,2021-2T
fibra_mty,2021-3T
fibra_mty,2021-4T
fibra_mty,2022-1T
fibra_mty,2022-2T
fibra_mty,2022-3T
fibra_mty,2022-4T
fibra_mty,2023-1T
fibra_mty,2023-2T
fibra_mty,2023-3T
fibra_mty,2023-4T
fibra_mty,2024-1T
fibra_mty,2024-2T
fibra_mty,2024-3T
fibra_mty,2024-4T
fibra_mty,2025-1T
fibra_mty,2025-2T
fibra_mty,2025-3T
fibra_mty,2025-4T
fibra_mty,2026-1T
fibra_next,2025-3T
fibra_next,2025-4T
fibra_next,2026-1T
fibra_nova,2019-1T
fibra_nova,2019-2T
fibra_nova,2019-3T
fibra_nova,2019-4T
fibra_nova,2020-1T
fibra_nova,2020-2T
fibra_nova,2020-3T
fibra_nova,2020-4T
fibra_nova,2021-1T
fibra_nova,2021-2T
fibra_nova,2021-3T
fibra_nova,2021-4T
fibra_nova,2022-1T
fibra_nova,2022-2T
fibra_nova,2022-3T
fibra_nova,2022-4T
fibra_nova,2023-1T
fibra_nova,2023-2T
fibra_nova,2023-3T
fibra_nova,2023-4T
fibra_nova,2024-1T
fibra_plus,2021-2T
fibra_plus,2021-3T
fibra_plus,2021-4T
fibra_plus,2022-1T
fibra_plus,2022-2T
fibra_plus,2022-3T
fibra_plus,2022-4T
fibra_plus,2023-1T
fibra_plus,2023-2T
fibra_plus,2023-3T
fibra_plus,2023-4T
fibra_plus,2024-1T
fibra_plus,2024-2T
fibra_plus,2024-3T
fibra_plus,2024-4T
fibra_plus,2025-1T
fibra_plus,2025-2T
fibra_plus,2025-3T
fibra_plus,2025-4T
fibra_plus,2026-1T
fibra_prologis,2021-2T
fibra_prologis,2021-3T
fibra_prologis,2021-4T
fibra_prologis,2022-1T
fibra_prologis,2022-2T
fibra_prologis,2022-3T
fibra_prologis,2022-4T
fibra_prologis,2023-1T
fibra_prologis,2023-2T
fibra_prologis,2023-3T
fibra_prologis,2023-4T
fibra_prologis,2024-1T
fibra_prologis,2024-2T
fibra_prologis,2024-3T
fibra_prologis,2024-4T
fibra_prologis,2025-1T
fibra_prologis,2025-2T
fibra_prologis,2025-3T
fibra_prologis,2025-4T
fibra_prologis,2026-1T
fibra_shop,2021-1T
fibra_shop,2021-2T
fibra_shop,2021-3T
fibra_shop,2021-4T
fibra_shop,2022-1T
fibra_shop,2022-2T
fibra_shop,2022-3T
fibra_shop,2022-4T
fibra_shop,2023-1T
fibra_shop,2023-2T
fibra_shop,2023-3T
fibra_shop,2023-4T
fibra_shop,2024-1T
fibra_shop,2024-2T
fibra_shop,2024-3T
fibra_shop,2024-4T
fibra_shop,2025-1T
fibra_shop,2025-2T
fibra_shop,2025-3T
fibra_shop,2025-4T
fibra_shop,2026-1T
fibra_sites,2020-3T
fibra_sites,2020-4T
fibra_sites,2021-1T
fibra_sites,2021-2T
fibra_sites,2021-3T
fibra_sites,2021-4T
fibra_sites,2022-1T
fibra_sites,2022-2T
fibra_sites,2022-3T
fibra_sites,2022-4T
fibra_sites,2023-1T
fibra_sites,2023-2T
fibra_sites,2023-3T
fibra_sites,2023-4T
fibra_sites,2024-1T
fibra_sites,2024-2T
fibra_sites,2024-3T
fibra_sites,2024-4T
fibra_sites,2025-1T
fibra_sites,2025-2T
fibra_sites,2025-3T
fibra_sites,2025-4T
fibra_sites,2026-1T
fibra_storage,2021-2T
fibra_storage,2021-3T
fibra_storage,2021-4T
fibra_storage,2022-1T
fibra_storage,2022-2T
fibra_storage,2022-3T
fibra_storage,2022-4T
fibra_storage,2023-1T
fibra_storage,2023-2T
fibra_storage,2023-3T
fibra_storage,2023-4T
fibra_storage,2024-1T
fibra_storage,2024-2T
fibra_storage,2024-3T
fibra_storage,2024-4T
fibra_storage,2025-1T
fibra_storage,2025-2T
fibra_storage,2025-3T
fibra_storage,2025-4T
fibra_storage,2026-1T
fibra_uno,2021-2T
fibra_uno,2021-3T
fibra_uno,2021-4T
fibra_uno,2022-1T
fibra_uno,2022-2T
fibra_uno,2022-3T
fibra_uno,2022-4T
fibra_uno,2023-1T
fibra_uno,2023-2T
fibra_uno,2023-3T
fibra_uno,2023-4T
fibra_uno,2024-1T
fibra_uno,2024-2T
fibra_uno,2024-3T
fibra_uno,2024-4T
fibra_uno,2025-1T
fibra_uno,2025-2T
fibra_uno,2025-3T
fibra_uno,2025-4T
fibra_uno,2026-1T
fibra_uptown,2018-2T
fibra_uptown,2018-3T
fibra_uptown,2018-4T
fibra_uptown,2019-1T
fibra_uptown,2019-2T
fibra_uptown,2019-3T
fibra_uptown,2019-4T
fibra_uptown,2020-1T
fibra_uptown,2020-2T
fibra_uptown,2020-3T
fibra_uptown,2020-4T
fibra_uptown,2021-1T
fibra_uptown,2021-2T
fibra_uptown,2021-3T
fibra_uptown,2021-4T
fibra_uptown,2022-1T
fibra_uptown,2022-2T
fibra_uptown,2022-3T
fibra_uptown,2022-4T
fibra_uptown,2023-1T
fibra_uptown,2023-2T
fibra_uptown,2023-3T
fibra_uptown,2023-4T
fibra_uptown,2024-1T
fibra_uptown,2024-2T
fibra_uptown,2024-3T
fibra_uptown,2024-4T
fibra_uptown,2025-1T
fibra_uptown,2025-2T
fibra_uptown,2025-3T
fibra_uptown,2025-4T
fibra_uptown,2026-1T
fibra_via,2021-2T
fibra_via,2021-3T
fibra_via,2021-4T
fibra_via,2022-1T
fibra_via,2022-2T
fibra_via,2022-3T
fibra_via,2022-4T
fibra_via,2023-1T
fibra_via,2023-2T
fibra_via,2023-3T
fibra_via,2023-4T
fibra_via,2024-1T
fibra_via,2024-2T
fibra_via,2024-3T
fibra_via,2024-4T
fibra_via,2025-1T
fibra_via,2025-2T
fibra_via,2025-3T
fibra_via,2025-4T
fibra_via,2026-1T
fortaleza_materiales,2022-2T
fortaleza_materiales,2022-3T
fortaleza_materiales,2022-4T
fortaleza_materiales,2023-1T
fortaleza_materiales,2023-2T
fortaleza_materiales,2023-3T
fortaleza_materiales,2023-4T
fortaleza_materiales,2024-1T
fortaleza_materiales,2024-2T
fortaleza_materiales,2024-3T
fortaleza_materiales,2024-4T
fortaleza_materiales,2025-1T
fortaleza_materiales,2025-2T
fortaleza_materiales,2025-3T
fortaleza_materiales,2025-4T
fortaleza_materiales,2026-1T
gap,2021-2T
gap,2021-3T
gap,2021-4T
gap,2022-1T
gap,2022-2T
gap,2022-3T
gap,2022-4T
gap,2023-1T
gap,2023-2T
gap,2023-3T
gap,2023-4T
gap,2024-1T
gap,2024-2T
gap,2024-3T
gap,2024-4T
gap,2025-1T
gap,2025-2T
gap,2025-3T
gap,2025-4T
gap,2026-1T
gcc,2021-2T
gcc,2021-3T
gcc,2021-4T
gcc,2022-1T
gcc,2022-2T
gcc,2022-3T
gcc,2022-4T
gcc,2023-1T
gcc,2023-2T
gcc,2023-3T
gcc,2023-4T
gcc,2024-1T
gcc,2024-2T
gcc,2024-3T
gcc,2024-4T
gcc,2025-1T
gcc,2025-2T
gcc,2025-3T
gcc,2025-4T
gcc,2026-1T
gicsa,2021-2T
gicsa,2021-3T
gicsa,2021-4T
gicsa,2022-1T
gicsa,2022-2T
gicsa,2022-3T
gicsa,2022-4T
gicsa,2023-1T
gicsa,2023-2T
gicsa,2023-3T
gicsa,2023-4T
gicsa,2024-1T
gicsa,2024-2T
gicsa,2024-3T
gicsa,2024-4T
gicsa,2025-1T
gicsa,2025-2T
gicsa,2025-3T
gicsa,2025-4T
gicsa,2026-1T
gmd,2021-2T
gmd,2021-3T
gmd,2021-4T
gmd,2022-1T
gmd,2022-2T
gmd,2022-3T
gmd,2022-4T
gmd,2023-1T
gmd,2023-2T
gmd,2023-3T
gmd,2023-4T
gmd,2024-1T
gmd,2024-2T
gmd,2024-3T
gmd,2024-4T
gmd,2025-1T
gmd,2025-2T
gmd,2025-3T
gmd,2025-4T
gmd,2026-1T
gmexico_transportes,2022-2T
gmexico_transportes,2022-3T
gmexico_transportes,2022-4T
gmexico_transportes,2023-1T
gmexico_transportes,2023-2T
gmexico_transportes,2023-3T
gmexico_transportes,2023-4T
gmexico_transportes,2024-1T
gmexico_transportes,2024-2T
gmexico_transportes,2024-3T
gmexico_transportes,2024-4T
gmexico_transportes,2025-1T
gmexico_transportes,2025-2T
gmexico_transportes,2025-3T
gmexico_transportes,2025-4T
gmexico_transportes,2026-1T
gruma,2021-2T
gruma,2021-3T
gruma,2021-4T
gruma,2022-1T
gruma,2022-2T
gruma,2022-3T
gruma,2022-4T
gruma,2023-1T
gruma,2023-2T
gruma,2023-3T
gruma,2023-4T
gruma,2024-1T
gruma,2024-2T
gruma,2024-3T
gruma,2024-4T
gruma,2025-1T
gruma,2025-2T
gruma,2025-3T
gruma,2025-4T
gruma,2026-1T
grupo_aristos,2021-2T
grupo_aristos,2021-3T
grupo_aristos,2021-4T
grupo_aristos,2022-1T
grupo_aristos,2022-2T
grupo_aristos,2022-3T
grupo_aristos,2022-4T
grupo_aristos,2023-1T
grupo_aristos,2023-2T
grupo_aristos,2023-3T
grupo_aristos,2023-4T
grupo_aristos,2024-1T
grupo_aristos,2024-2T
grupo_aristos,2024-3T
grupo_aristos,2024-4T
grupo_aristos,2025-1T
grupo_aristos,2025-2T
grupo_aristos,2025-3T
grupo_aristos,2025-4T
grupo_aristos,2026-1T
grupo_cable,2021-2T
grupo_cable,2021-3T
grupo_cable,2021-4T
grupo_cable,2022-1T
grupo_cable,2022-2T
grupo_cable,2022-3T
grupo_cable,2022-4T
grupo_cable,2023-1T
grupo_cable,2023-2T
grupo_cable,2023-3T
grupo_cable,2023-4T
grupo_cable,2024-1T
grupo_cable,2024-2T
grupo_cable,2024-3T
grupo_cable,2024-4T
grupo_cable,2025-1T
grupo_cable,2025-2T
grupo_cable,2025-3T
grupo_cable,2025-4T
grupo_cable,2026-1T
grupo_carso,2021-2T
grupo_carso,2021-3T
grupo_carso,2021-4T
grupo_carso,2022-1T
grupo_carso,2022-2T
grupo_carso,2022-3T
grupo_carso,2022-4T
grupo_carso,2023-1T
grupo_carso,2023-2T
grupo_carso,2023-3T
grupo_carso,2023-4T
grupo_carso,2024-1T
grupo_carso,2024-2T
grupo_carso,2024-3T
grupo_carso,2024-4T
grupo_carso,2025-1T
grupo_carso,2025-2T
grupo_carso,2025-3T
grupo_carso,2025-4T
grupo_carso,2026-1T
grupo_collado,2021-2T
grupo_collado,2021-3T
grupo_collado,2021-4T
grupo_collado,2022-1T
grupo_collado,2022-2T
grupo_collado,2022-3T
grupo_collado,2022-4T
grupo_collado,2023-1T
grupo_collado,2023-2T
grupo_collado,2023-3T
grupo_collado,2023-4T
grupo_collado,2024-1T
grupo_collado,2024-2T
grupo_collado,2024-3T
grupo_collado,2024-4T
grupo_collado,2025-1T
grupo_collado,2025-2T
grupo_collado,2025-3T
grupo_collado,2025-4T
grupo_collado,2026-1T
grupo_famsa,2021-1T
grupo_famsa,2021-2T
grupo_famsa,2021-3T
grupo_famsa,2021-4T
grupo_famsa,2022-1T
grupo_famsa,2022-2T
grupo_famsa,2022-3T
grupo_famsa,2022-4T
grupo_gav,2021-2T
grupo_gav,2021-3T
grupo_gav,2021-4T
grupo_gav,2022-1T
grupo_gav,2022-2T
grupo_gav,2022-3T
grupo_gav,2022-4T
grupo_gav,2023-1T
grupo_gav,2023-2T
grupo_gav,2023-3T
grupo_gav,2023-4T
grupo_gav,2024-1T
grupo_gav,2024-2T
grupo_gav,2024-3T
grupo_gav,2024-4T
grupo_gav,2025-1T
grupo_gav,2025-2T
grupo_gav,2025-3T
grupo_gav,2025-4T
grupo_gav,2026-1T
grupo_gigante,2021-2T
grupo_gigante,2021-3T
grupo_gigante,2021-4T
grupo_gigante,2022-1T
grupo_gigante,2022-2T
grupo_gigante,2022-3T
grupo_gigante,2022-4T
grupo_gigante,2023-1T
grupo_gigante,2023-2T
grupo_gigante,2023-3T
grupo_gigante,2023-4T
grupo_gigante,2024-1T
grupo_gigante,2024-2T
grupo_gigante,2024-3T
grupo_gigante,2024-4T
grupo_gigante,2025-1T
grupo_gigante,2025-2T
grupo_gigante,2025-3T
grupo_gigante,2025-4T
grupo_gigante,2026-1T
grupo_gis,2021-2T
grupo_gis,2021-3T
grupo_gis,2021-4T
grupo_gis,2022-1T
grupo_gis,2022-2T
grupo_gis,2022-3T
grupo_gis,2022-4T
grupo_gis,2023-1T
grupo_gis,2023-2T
grupo_gis,2023-3T
grupo_gis,2023-4T
grupo_gis,2024-1T
grupo_gis,2024-2T
grupo_gis,2024-3T
grupo_gis,2024-4T
grupo_gis,2025-1T
grupo_gis,2025-2T
grupo_gis,2025-3T
grupo_gis,2025-4T
grupo_gis,2026-1T
grupo_hotelero,2020-1T
grupo_hotelero,2020-2T
grupo_hotelero,2020-3T
grupo_hotelero,2020-4T
grupo_hotelero,2021-1T
grupo_hotelero,2021-2T
grupo_hotelero,2021-3T
grupo_hotelero,2021-4T
grupo_hotelero,2022-1T
grupo_hotelero,2022-2T
grupo_hotelero,2022-3T
grupo_hotelero,2022-4T
grupo_hotelero,2023-1T
grupo_hotelero,2023-2T
grupo_hotelero,2023-3T
grupo_hotelero,2023-4T
grupo_hotelero,2024-1T
grupo_hotelero,2024-2T
grupo_hotelero,2024-3T
grupo_hotelero,2024-4T
grupo_hotelero,2025-1T
grupo_hotelero,2025-2T
grupo_hotelero,2025-3T
grupo_hotelero,2025-4T
grupo_hotelero,2026-1T
grupo_kuo,2021-2T
grupo_kuo,2021-3T
grupo_kuo,2021-4T
grupo_kuo,2022-1T
grupo_kuo,2022-2T
grupo_kuo,2022-3T
grupo_kuo,2022-4T
grupo_kuo,2023-1T
grupo_kuo,2023-2T
grupo_kuo,2023-3T
grupo_kuo,2023-4T
grupo_kuo,2024-1T
grupo_kuo,2024-2T
grupo_kuo,2024-3T
grupo_kuo,2024-4T
grupo_kuo,2025-1T
grupo_kuo,2025-2T
grupo_kuo,2025-3T
grupo_kuo,2025-4T
grupo_kuo,2026-1T
grupo_lala,2022-2T
grupo_lala,2022-3T
grupo_lala,2022-4T
grupo_lala,2023-1T
grupo_lala,2023-2T
grupo_lala,2023-3T
grupo_lala,2023-4T
grupo_lala,2024-1T
grupo_lala,2024-2T
grupo_lala,2024-3T
grupo_lala,2024-4T
grupo_lala,2025-1T
grupo_lala,2025-2T
grupo_lala,2025-3T
grupo_lala,2025-4T
grupo_lala,2026-1T
grupo_lamosa,2022-2T
grupo_lamosa,2022-3T
grupo_lamosa,2022-4T
grupo_lamosa,2023-1T
grupo_lamosa,2023-2T
grupo_lamosa,2023-3T
grupo_lamosa,2023-4T
grupo_lamosa,2024-1T
grupo_lamosa,2024-2T
grupo_lamosa,2024-3T
grupo_lamosa,2024-4T
grupo_lamosa,2025-1T
grupo_lamosa,2025-2T
grupo_lamosa,2025-3T
grupo_lamosa,2025-4T
grupo_lamosa,2026-1T
grupo_mexico,2021-2T
grupo_mexico,2021-3T
grupo_mexico,2021-4T
grupo_mexico,2022-1T
grupo_mexico,2022-2T
grupo_mexico,2022-3T
grupo_mexico,2022-4T
grupo_mexico,2023-1T
grupo_mexico,2023-2T
grupo_mexico,2023-3T
grupo_mexico,2023-4T
grupo_mexico,2024-1T
grupo_mexico,2024-2T
grupo_mexico,2024-3T
grupo_mexico,2024-4T
grupo_mexico,2025-1T
grupo_mexico,2025-2T
grupo_mexico,2025-3T
grupo_mexico,2025-4T
grupo_mexico,2026-1T
grupo_posadas,2021-2T
grupo_posadas,2021-3T
grupo_posadas,2021-4T
grupo_posadas,2022-1T
grupo_posadas,2022-2T
grupo_posadas,2022-3T
grupo_posadas,2022-4T
grupo_posadas,2023-1T
grupo_posadas,2023-2T
grupo_posadas,2023-3T
grupo_posadas,2023-4T
grupo_posadas,2024-1T
grupo_posadas,2024-2T
grupo_posadas,2024-3T
grupo_posadas,2024-4T
grupo_posadas,2025-1T
grupo_posadas,2025-2T
grupo_posadas,2025-3T
grupo_posadas,2025-4T
grupo_posadas,2026-1T
grupo_radio_centro,2022-2T
grupo_radio_centro,2022-3T
grupo_radio_centro,2022-4T
grupo_radio_centro,2023-1T
grupo_radio_centro,2023-2T
grupo_radio_centro,2023-3T
grupo_radio_centro,2023-4T
grupo_radio_centro,2024-1T
grupo_radio_centro,2024-2T
grupo_radio_centro,2024-3T
grupo_radio_centro,2024-4T
grupo_radio_centro,2025-1T
grupo_radio_centro,2025-2T
grupo_radio_centro,2025-3T
grupo_radio_centro,2025-4T
grupo_radio_centro,2026-1T
herdez,2021-2T
herdez,2021-3T
herdez,2021-4T
herdez,2022-1T
herdez,2022-2T
herdez,2022-3T
herdez,2022-4T
herdez,2023-1T
herdez,2023-2T
herdez,2023-3T
herdez,2023-4T
herdez,2024-1T
herdez,2024-2T
herdez,2024-3T
herdez,2024-4T
herdez,2025-1T
herdez,2025-2T
herdez,2025-3T
herdez,2025-4T
herdez,2026-1T
homex,2021-2T
homex,2021-3T
homex,2021-4T
homex,2022-1T
homex,2022-2T
homex,2022-3T
homex,2022-4T
homex,2023-1T
homex,2023-2T
homex,2023-3T
homex,2023-4T
homex,2024-1T
homex,2024-2T
homex,2024-3T
homex,2024-4T
hoteles_city,2021-2T
hoteles_city,2021-3T
hoteles_city,2021-4T
hoteles_city,2022-1T
hoteles_city,2022-2T
hoteles_city,2022-3T
hoteles_city,2022-4T
hoteles_city,2023-1T
hoteles_city,2023-2T
hoteles_city,2023-3T
hoteles_city,2023-4T
hoteles_city,2024-1T
hoteles_city,2024-2T
hoteles_city,2024-3T
hoteles_city,2024-4T
hoteles_city,2025-1T
hoteles_city,2025-2T
hoteles_city,2025-3T
hoteles_city,2025-4T
hoteles_city,2026-1T
ideal,2021-2T
ideal,2021-3T
ideal,2021-4T
ideal,2022-1T
ideal,2022-2T
ideal,2022-3T
ideal,2022-4T
ideal,2023-1T
ideal,2023-2T
ideal,2023-3T
ideal,2023-4T
ideal,2024-1T
ideal,2024-2T
ideal,2024-3T
ideal,2024-4T
ideal,2025-1T
ideal,2025-2T
ideal,2025-3T
ideal,2025-4T
ideal,2026-1T
industrias_ch,2021-2T
industrias_ch,2021-3T
industrias_ch,2021-4T
industrias_ch,2022-1T
industrias_ch,2022-2T
industrias_ch,2022-3T
industrias_ch,2022-4T
industrias_ch,2023-1T
industrias_ch,2023-2T
industrias_ch,2023-3T
industrias_ch,2023-4T
industrias_ch,2024-1T
industrias_ch,2024-2T
industrias_ch,2024-3T
industrias_ch,2024-4T
industrias_ch,2025-1T
industrias_ch,2025-2T
industrias_ch,2025-3T
industrias_ch,2025-4T
industrias_ch,2026-1T
inmuebles_carso,2022-2T
inmuebles_carso,2022-3T
inmuebles_carso,2022-4T
inmuebles_carso,2023-1T
inmuebles_carso,2023-2T
inmuebles_carso,2023-3T
inmuebles_carso,2023-4T
inmuebles_carso,2024-1T
inmuebles_carso,2024-2T
inmuebles_carso,2024-3T
inmuebles_carso,2024-4T
inmuebles_carso,2025-1T
inmuebles_carso,2025-2T
inmuebles_carso,2025-3T
inmuebles_carso,2025-4T
inmuebles_carso,2026-1T
kimber,2021-2T
kimber,2021-3T
kimber,2021-4T
kimber,2022-1T
kimber,2022-2T
kimber,2022-3T
kimber,2022-4T
kimber,2023-1T
kimber,2023-2T
kimber,2023-3T
kimber,2023-4T
kimber,2024-1T
kimber,2024-2T
kimber,2024-3T
kimber,2024-4T
kimber,2025-1T
kimber,2025-2T
kimber,2025-3T
kimber,2025-4T
kimber,2026-1T
kof,2021-2T
kof,2021-3T
kof,2021-4T
kof,2022-1T
kof,2022-2T
kof,2022-3T
kof,2022-4T
kof,2023-1T
kof,2023-2T
kof,2023-3T
kof,2023-4T
kof,2024-1T
kof,2024-2T
kof,2024-3T
kof,2024-4T
kof,2025-1T
kof,2025-2T
kof,2025-3T
kof,2025-4T
kof,2026-1T
lab,2021-2T
lab,2021-3T
lab,2021-4T
lab,2022-1T
lab,2022-2T
lab,2022-3T
lab,2022-4T
lab,2023-1T
lab,2023-2T
lab,2023-3T
lab,2023-4T
lab,2024-1T
lab,2024-2T
lab,2024-3T
lab,2024-4T
lab,2025-1T
lab,2025-2T
lab,2025-3T
lab,2025-4T
lab,2026-1T
lacomer,2021-2T
lacomer,2021-3T
lacomer,2021-4T
lacomer,2022-1T
lacomer,2022-2T
lacomer,2022-3T
lacomer,2022-4T
lacomer,2023-1T
lacomer,2023-2T
lacomer,2023-3T
lacomer,2023-4T
lacomer,2024-1T
lacomer,2024-2T
lacomer,2024-3T
lacomer,2024-4T
lacomer,2025-1T
lacomer,2025-2T
lacomer,2025-3T
lacomer,2025-4T
lacomer,2026-1T
lasite,2022-3T
lasite,2022-4T
lasite,2023-1T
lasite,2023-2T
lasite,2023-3T
lasite,2023-4T
lasite,2024-1T
lasite,2024-2T
lasite,2024-3T
lasite,2024-4T
lasite,2025-1T
lasite,2025-2T
lasite,2025-3T
lasite,2025-4T
lasite,2026-1T
liverpool,2021-2T
liverpool,2021-3T
liverpool,2021-4T
liverpool,2022-1T
liverpool,2022-2T
liverpool,2022-3T
liverpool,2022-4T
liverpool,2023-1T
liverpool,2023-2T
liverpool,2023-3T
liverpool,2023-4T
liverpool,2024-1T
liverpool,2024-2T
liverpool,2024-3T
liverpool,2024-4T
liverpool,2025-1T
liverpool,2025-2T
liverpool,2025-3T
liverpool,2025-4T
liverpool,2026-1T
medica_sur,2020-4T
medica_sur,2021-1T
medica_sur,2021-2T
medica_sur,2021-3T
medica_sur,2021-4T
medica_sur,2022-1T
medica_sur,2022-2T
medica_sur,2022-3T
medica_sur,2022-4T
medica_sur,2023-1T
medica_sur,2023-2T
medica_sur,2023-3T
medica_sur,2023-4T
medica_sur,2024-1T
medica_sur,2024-2T
medica_sur,2024-3T
medica_sur,2024-4T
medica_sur,2025-1T
medica_sur,2025-2T
medica_sur,2025-3T
medica_sur,2025-4T
medica_sur,2026-1T
megacable,2021-2T
megacable,2021-3T
megacable,2021-4T
megacable,2022-1T
megacable,2022-2T
megacable,2022-3T
megacable,2022-4T
megacable,2023-1T
megacable,2023-2T
megacable,2023-3T
megacable,2023-4T
megacable,2024-1T
megacable,2024-2T
megacable,2024-3T
megacable,2024-4T
megacable,2025-1T
megacable,2025-2T
megacable,2025-3T
megacable,2025-4T
megacable,2026-1T
minera_frisco,2021-2T
minera_frisco,2021-3T
minera_frisco,2021-4T
minera_frisco,2022-1T
minera_frisco,2022-2T
minera_frisco,2022-3T
minera_frisco,2022-4T
minera_frisco,2023-1T
minera_frisco,2023-2T
minera_frisco,2023-3T
minera_frisco,2023-4T
minera_frisco,2024-1T
minera_frisco,2024-2T
minera_frisco,2024-3T
minera_frisco,2024-4T
minera_frisco,2025-1T
minera_frisco,2025-2T
minera_frisco,2025-3T
minera_frisco,2025-4T
minera_frisco,2026-1T
minsa,2021-2T
minsa,2021-3T
minsa,2021-4T
minsa,2022-1T
minsa,2022-2T
minsa,2022-3T
minsa,2022-4T
minsa,2023-1T
minsa,2023-2T
minsa,2023-3T
minsa,2023-4T
minsa,2024-1T
minsa,2024-2T
minsa,2024-3T
minsa,2024-4T
minsa,2025-1T
minsa,2025-2T
minsa,2025-3T
minsa,2025-4T
minsa,2026-1T
nemak,2021-2T
nemak,2021-3T
nemak,2021-4T
nemak,2022-1T
nemak,2022-2T
nemak,2022-3T
nemak,2022-4T
nemak,2023-1T
nemak,2023-2T
nemak,2023-3T
nemak,2023-4T
nemak,2024-1T
nemak,2024-2T
nemak,2024-3T
nemak,2024-4T
nemak,2025-1T
nemak,2025-2T
nemak,2025-3T
nemak,2025-4T
nemak,2026-1T
nutrisa,2025-3T
nutrisa,2025-4T
nutrisa,2026-1T
oma,2021-2T
oma,2021-3T
oma,2021-4T
oma,2022-1T
oma,2022-2T
oma,2022-3T
oma,2022-4T
oma,2023-1T
oma,2023-2T
oma,2023-3T
oma,2023-4T
oma,2024-1T
oma,2024-2T
oma,2024-3T
oma,2024-4T
oma,2025-1T
oma,2025-2T
oma,2025-3T
oma,2025-4T
oma,2026-1T
orbia,2021-2T
orbia,2021-3T
orbia,2021-4T
orbia,2022-1T
orbia,2022-2T
orbia,2022-3T
orbia,2022-4T
orbia,2023-1T
orbia,2023-2T
orbia,2023-3T
orbia,2023-4T
orbia,2024-1T
orbia,2024-2T
orbia,2024-3T
orbia,2024-4T
orbia,2025-1T
orbia,2025-2T
orbia,2025-3T
orbia,2025-4T
orbia,2026-1T
palacio_de_hierro,2021-2T
palacio_de_hierro,2021-3T
palacio_de_hierro,2021-4T
palacio_de_hierro,2022-1T
palacio_de_hierro,2022-2T
palacio_de_hierro,2022-3T
palacio_de_hierro,2022-4T
palacio_de_hierro,2023-1T
palacio_de_hierro,2023-2T
palacio_de_hierro,2023-3T
palacio_de_hierro,2023-4T
palacio_de_hierro,2024-1T
palacio_de_hierro,2024-2T
palacio_de_hierro,2024-3T
palacio_de_hierro,2024-4T
palacio_de_hierro,2025-1T
palacio_de_hierro,2025-2T
palacio_de_hierro,2025-3T
palacio_de_hierro,2025-4T
palacio_de_hierro,2026-1T
pasa,2021-2T
pasa,2021-3T
pasa,2021-4T
pasa,2022-1T
pasa,2022-2T
pasa,2022-3T
pasa,2022-4T
pasa,2023-1T
pasa,2023-2T
pasa,2023-3T
pasa,2023-4T
pasa,2024-1T
pasa,2024-2T
pasa,2024-3T
pasa,2024-4T
pasa,2025-1T
pasa,2025-2T
pasa,2025-3T
pasa,2025-4T
pasa,2026-1T
penoles,2021-2T
penoles,2021-3T
penoles,2021-4T
penoles,2022-1T
penoles,2022-2T
penoles,2022-3T
penoles,2022-4T
penoles,2023-1T
penoles,2023-2T
penoles,2023-3T
penoles,2023-4T
penoles,2024-1T
penoles,2024-2T
penoles,2024-3T
penoles,2024-4T
penoles,2025-1T
penoles,2025-2T
penoles,2025-3T
penoles,2025-4T
penoles,2026-1T
pinfra,2021-2T
pinfra,2021-3T
pinfra,2021-4T
pinfra,2022-1T
pinfra,2022-2T
pinfra,2022-3T
pinfra,2022-4T
pinfra,2023-1T
pinfra,2023-2T
pinfra,2023-3T
pinfra,2023-4T
pinfra,2024-1T
pinfra,2024-2T
pinfra,2024-3T
pinfra,2024-4T
pinfra,2025-1T
pinfra,2025-2T
pinfra,2025-3T
pinfra,2025-4T
pinfra,2026-1T
planigrupo,2022-2T
planigrupo,2022-3T
planigrupo,2022-4T
planigrupo,2023-1T
planigrupo,2023-2T
planigrupo,2023-3T
planigrupo,2023-4T
planigrupo,2024-1T
planigrupo,2024-2T
planigrupo,2024-3T
planigrupo,2024-4T
planigrupo,2025-1T
planigrupo,2025-2T
planigrupo,2025-3T
planigrupo,2025-4T
planigrupo,2026-1T
pochteca,2021-2T
pochteca,2021-3T
pochteca,2021-4T
pochteca,2022-1T
pochteca,2022-2T
pochteca,2022-3T
pochteca,2022-4T
pochteca,2023-1T
pochteca,2023-2T
pochteca,2023-3T
pochteca,2023-4T
pochteca,2024-1T
pochteca,2024-2T
pochteca,2024-3T
pochteca,2024-4T
pochteca,2025-1T
pochteca,2025-2T
pochteca,2025-3T
pochteca,2025-4T
pochteca,2026-1T
procorp,2021-2T
procorp,2021-3T
procorp,2021-4T
procorp,2022-1T
procorp,2022-2T
procorp,2022-3T
procorp,2022-4T
procorp,2023-1T
procorp,2023-2T
procorp,2023-3T
procorp,2023-4T
procorp,2024-1T
procorp,2024-2T
procorp,2024-3T
procorp,2024-4T
procorp,2025-1T
procorp,2025-2T
procorp,2025-3T
procorp,2025-4T
procorp,2026-1T
proteak,2021-2T
proteak,2021-3T
proteak,2021-4T
proteak,2022-1T
proteak,2022-2T
proteak,2022-3T
proteak,2022-4T
proteak,2023-1T
proteak,2023-2T
proteak,2023-3T
proteak,2023-4T
proteak,2024-1T
proteak,2024-2T
proteak,2024-3T
proteak,2024-4T
proteak,2025-1T
proteak,2025-2T
proteak,2025-3T
proteak,2025-4T
proteak,2026-1T
rlh_properties,2021-2T
rlh_properties,2021-3T
rlh_properties,2021-4T
rlh_properties,2022-1T
rlh_properties,2022-2T
rlh_properties,2022-3T
rlh_properties,2022-4T
rlh_properties,2023-1T
rlh_properties,2023-2T
rlh_properties,2023-3T
rlh_properties,2023-4T
rlh_properties,2024-1T
rlh_properties,2024-2T
rlh_properties,2024-3T
rlh_properties,2024-4T
rlh_properties,2025-1T
rlh_properties,2025-2T
rlh_properties,2025-3T
rlh_properties,2025-4T
rlh_properties,2026-1T
rotoplas,2021-2T
rotoplas,2021-3T
rotoplas,2021-4T
rotoplas,2022-1T
rotoplas,2022-2T
rotoplas,2022-3T
rotoplas,2022-4T
rotoplas,2023-1T
rotoplas,2023-2T
rotoplas,2023-3T
rotoplas,2023-4T
rotoplas,2024-1T
rotoplas,2024-2T
rotoplas,2024-3T
rotoplas,2024-4T
rotoplas,2025-1T
rotoplas,2025-2T
rotoplas,2025-3T
rotoplas,2025-4T
rotoplas,2026-1T
sigma,2023-4T
sigma,2024-1T
sigma,2024-2T
sigma,2024-3T
sigma,2024-4T
sigma,2025-1T
sigma,2025-2T
sigma,2025-3T
sigma,2025-4T
sigma,2026-1T
simec,2021-2T
simec,2021-3T
simec,2021-4T
simec,2022-1T
simec,2022-2T
simec,2022-3T
simec,2022-4T
simec,2023-1T
simec,2023-2T
simec,2023-3T
simec,2023-4T
simec,2024-1T
simec,2024-2T
simec,2024-3T
simec,2024-4T
simec,2025-1T
simec,2025-2T
simec,2025-3T
simec,2025-4T
simec,2026-1T
soriana,2021-2T
soriana,2021-3T
soriana,2021-4T
soriana,2022-1T
soriana,2022-2T
soriana,2022-3T
soriana,2022-4T
soriana,2023-1T
soriana,2023-2T
soriana,2023-3T
soriana,2023-4T
soriana,2024-1T
soriana,2024-2T
soriana,2024-3T
soriana,2024-4T
soriana,2025-1T
soriana,2025-2T
soriana,2025-3T
soriana,2025-4T
soriana,2026-1T
sports_world,2021-2T
sports_world,2021-3T
sports_world,2021-4T
sports_world,2022-1T
sports_world,2022-2T
sports_world,2022-3T
sports_world,2022-4T
sports_world,2023-1T
sports_world,2023-2T
sports_world,2023-3T
sports_world,2023-4T
sports_world,2024-1T
sports_world,2024-2T
sports_world,2024-3T
sports_world,2024-4T
sports_world,2025-1T
sports_world,2025-2T
sports_world,2025-3T
sports_world,2025-4T
sports_world,2026-1T
telesites,2021-4T
telesites,2022-1T
telesites,2022-2T
telesites,2022-3T
telesites,2022-4T
telesites,2023-1T
telesites,2023-2T
telesites,2023-3T
telesites,2023-4T
telesites,2024-1T
telesites,2024-2T
telesites,2024-3T
telesites,2024-4T
telesites,2025-1T
telesites,2025-2T
telesites,2025-3T
telesites,2025-4T
telesites,2026-1T
televisa,2021-2T
televisa,2021-3T
televisa,2021-4T
televisa,2022-1T
televisa,2022-2T
televisa,2022-3T
televisa,2022-4T
televisa,2023-1T
televisa,2023-2T
televisa,2023-3T
televisa,2023-4T
televisa,2024-1T
televisa,2024-2T
televisa,2024-3T
televisa,2024-4T
televisa,2025-1T
televisa,2025-2T
televisa,2025-3T
televisa,2025-4T
televisa,2026-1T
telmex,2022-2T
telmex,2022-3T
telmex,2022-4T
telmex,2023-1T
telmex,2023-2T
telmex,2023-3T
telmex,2023-4T
telmex,2024-1T
telmex,2024-2T
telmex,2024-3T
telmex,2024-4T
telmex,2025-1T
telmex,2025-2T
telmex,2025-3T
telmex,2025-4T
telmex,2026-1T
tmm,2021-2T
tmm,2021-3T
tmm,2021-4T
tmm,2022-1T
tmm,2022-2T
tmm,2022-3T
tmm,2022-4T
tmm,2023-1T
tmm,2023-2T
tmm,2023-3T
tmm,2023-4T
tmm,2024-1T
tmm,2024-2T
tmm,2024-3T
tmm,2024-4T
tmm,2025-1T
tmm,2025-2T
tmm,2025-3T
tmm,2025-4T
tmm,2026-1T
traxion,2021-2T
traxion,2021-3T
traxion,2021-4T
traxion,2022-1T
traxion,2022-2T
traxion,2022-3T
traxion,2022-4T
traxion,2023-1T
traxion,2023-2T
traxion,2023-3T
traxion,2023-4T
traxion,2024-1T
traxion,2024-2T
traxion,2024-3T
traxion,2024-4T
traxion,2025-1T
traxion,2025-2T
traxion,2025-3T
traxion,2025-4T
traxion,2026-1T
unifin,2022-2T
unifin,2022-3T
unifin,2022-4T
unifin,2023-1T
unifin,2023-2T
unifin,2023-3T
unifin,2023-4T
unifin,2024-1T
unifin,2024-2T
unifin,2024-3T
unifin,2024-4T
unifin,2025-1T
unifin,2025-2T
unifin,2025-3T
unifin,2025-4T
unifin,2026-1T
vasconia,2021-2T
vasconia,2021-3T
vasconia,2021-4T
vasconia,2022-1T
vasconia,2022-2T
vasconia,2022-3T
vasconia,2022-4T
vasconia,2023-1T
vasconia,2023-2T
vasconia,2023-3T
vasconia,2023-4T
vasconia,2024-1T
vasconia,2024-2T
vasconia,2024-3T
vasconia,2024-4T
vasconia,2025-1T
vasconia,2025-2T
vasconia,2025-3T
vasconia,2025-4T
vasconia,2026-1T
vesta,2021-2T
vesta,2021-3T
vesta,2021-4T
vesta,2022-1T
vesta,2022-2T
vesta,2022-3T
vesta,2022-4T
vesta,2023-1T
vesta,2023-2T
vesta,2023-3T
vesta,2023-4T
vesta,2024-1T
vesta,2024-2T
vesta,2024-3T
vesta,2024-4T
vesta,2025-1T
vesta,2025-2T
vesta,2025-3T
vesta,2025-4T
vesta,2026-1T
vinte,2021-2T
vinte,2021-3T
vinte,2021-4T
vinte,2022-1T
vinte,2022-2T
vinte,2022-3T
vinte,2022-4T
vinte,2023-1T
vinte,2023-2T
vinte,2023-3T
vinte,2023-4T
vinte,2024-1T
vinte,2024-2T
vinte,2024-3T
vinte,2024-4T
vinte,2025-1T
vinte,2025-2T
vinte,2025-3T
vinte,2025-4T
vinte,2026-1T
vista,2021-2T
vista,2021-3T
vista,2021-4T
vista,2022-1T
vista,2022-2T
vista,2022-3T
vista,2022-4T
vista,2023-1T
vista,2023-2T
vista,2023-3T
vista,2023-4T
vista,2024-1T
vista,2024-2T
vista,2024-3T
vista,2024-4T
vista,2025-1T
vista,2025-2T
vista,2025-3T
vista,2025-4T
vista,2026-1T
vitro,2021-2T
vitro,2021-3T
vitro,2021-4T
vitro,2022-1T
vitro,2022-2T
vitro,2022-3T
vitro,2022-4T
vitro,2023-1T
vitro,2023-2T
vitro,2023-3T
vitro,2023-4T
vitro,2024-1T
vitro,2024-2T
vitro,2024-3T
vitro,2024-4T
vitro,2025-1T
vitro,2025-2T
vitro,2025-3T
vitro,2025-4T
vitro,2026-1T
volaris,2021-2T
volaris,2021-3T
volaris,2021-4T
volaris,2022-1T
volaris,2022-2T
volaris,2022-3T
volaris,2022-4T
volaris,2023-1T
volaris,2023-2T
volaris,2023-3T
volaris,2023-4T
volaris,2024-1T
volaris,2024-2T
volaris,2024-3T
volaris,2024-4T
volaris,2025-1T
volaris,2025-2T
volaris,2025-3T
volaris,2025-4T
volaris,2026-1T
walmex,2021-2T
walmex,2021-3T
walmex,2021-4T
walmex,2022-1T
walmex,2022-2T
walmex,2022-3T
walmex,2022-4T
walmex,2023-1T
walmex,2023-2T
walmex,2023-3T
walmex,2023-4T
walmex,2024-1T
walmex,2024-2T
walmex,2024-3T
walmex,2024-4T
walmex,2025-1T
walmex,2025-2T
walmex,2025-3T
walmex,2025-4T
walmex,2026-1T
